Title,Score,URL,Number of Comments,Created On,Body
"“General” History Lessons with the President: Pres. Trump praises Robert E. Lee, rants about Civil War during Ohio rally",7,https://www.msnbc.com/david-gura/watch/president-trump-praises-robert-e-lee-during-campaign-style-rally-1343513156001,21,1539518389.0,
Elie Mystal: Whenever conservatives have the courts they push anti-voting strategies,107,https://www.msnbc.com/am-joy/watch/georgia-gop-governor-candidate-holds-thousands-of-voter-registrations-leading-to-lawsuit-1343635011870,3,1539518363.0,
NYT: Kushner likely paid almost no federal income taxes for years,41,https://www.cnn.com/2018/10/13/politics/jared-kushner-taxes/index.html,3,1539518256.0,
Donald Trump promises 'severe punishment' for Saudi Arabia if it killed journalist Jamal Khashoggi,0,http://www.abc.net.au/news/2018-10-14/donald-trump-punish-saudi-arabia-journalist-jamal-khashoggi/10374792,21,1539518005.0,
Walgreens is raising wages and it's all because of Trump's tax cuts (WBA),0,https://markets.businessinsider.com/news/stocks/trump-walgreens-raising-wages-because-of-tax-cuts-2018-10-1027610508,14,1539517706.0,
"With #MarchToThePolls in Chicago, Women's March Aims to Channel 'Outrage and Energy' to Defeat Trump Agenda on Election Day",30,https://www.commondreams.org/news/2018/10/12/marchtothepolls-chicago-womens-march-aims-channel-outrage-and-energy-defeat-trump,2,1539516910.0,
How working Americans will suffer if the GOP keeps its majority,88,https://finance.yahoo.com/news/working-americans-will-suffer-gop-keeps-majority-132239518.html,4,1539516667.0,
"Hugin says he's a different kind of Republican, but his campaign donations show otherwise",38,https://www.nj.com/politics/index.ssf/2018/10/hugin_says_hes_a_different_kind_of_republican_not_1.html,2,1539516345.0,
Video Shows Men in MAGA Hats Beating Protestors in NYC,465,https://www.motherjones.com/crime-justice/2018/10/maga-protest-proud-boys-trump/,89,1539516296.0,
"Narrative be damned, the GOP’s Kavanaugh boost apparently isn’t real",135,http://www.msnbc.com/rachel-maddow-show/narrative-be-damned-the-gops-kavanaugh-boost-apparently-isnt-real,13,1539516028.0,
Hillary Clinton: MeToo Doesn't Apply To Bill's Actions,0,https://www.nationalreview.com/2018/10/hillary-clinton-bill-clintons-accusers-dont-fit-into-metoo/,33,1539515985.0,
The Backlash to New Rules on Protests in D.C.,112,https://www.theatlantic.com/politics/archive/2018/10/new-rules-could-curb-protests-dc/572944/,14,1539514912.0,
The big lie we’re told about climate change is that it’s our own fault,56,https://www.vox.com/first-person/2018/10/11/17963772/climate-change-global-warming-natural-disasters,40,1539514635.0,
"Beto O'Rourke and Joe Kennedy visit Corpus Christi, inspires residents to go vote",98,https://www.caller.com/story/news/local/2018/10/13/beto-orourke-visits-corpus-christi-week-before-early-voting/1600367002/,18,1539514261.0,
"Under pressure, Rep. Debbie Lesko takes down false 'fake doctor' signs",46,https://www.azcentral.com/story/news/politics/elections/2018/10/13/arizona-election-rep-lesko-takes-down-false-fake-doctor-signs-tipirneni-cd-8-race/1632489002/,11,1539514061.0,
"Three men arrested on assault, robbery charges in clash following speech by founder of far-right group",56,https://thehill.com/homenews/state-watch/411290-three-men-charged-with-assault-robbery-following-proud-boys-event,13,1539514016.0,
Trump campaign selling email and phone lists for millions of supporters,357,https://www.seattletimes.com/nation-world/trump-campaign-selling-email-and-phone-lists-for-millions-of-supporters/,51,1539513974.0,
Debate over last Rep. seat continues between Donovan & Rose,0,http://www.ny1.com/nyc/all-boroughs/news/2018/10/13/heated-debate-republican-seat-between-donovan-and-rose,1,1539513639.0,
New Saudi airstrike hits bus carrying civilians in Yemen,223,https://www.dw.com/en/new-saudi-airstrike-hits-bus-carrying-civilians-in-yemen/a-45877705,39,1539513280.0,
"Florida’s building code is tough, but Michael was tougher. Is it time for a rewrite?",34,https://www.miamiherald.com/news/state/florida/article219862625.html,26,1539512501.0,
Fox News loved Kanye’s White House visit. Here's how it covered rappers visiting Barack Obama,856,https://www.independent.co.uk/news/world/americas/kanye-west-white-house-visit-trump-fox-news-barack-obama-comparison-jay-z-common-a8580161.htmll,60,1539512488.0,
Cocktails in the Kanye-Trump asylum,13,https://www.kansascity.com/opinion/opn-columns-blogs/syndicated-columnists/article219940055.html,6,1539512007.0,
"Democrats want sanctuary for thugs, and other things Trump said in Kentucky",0,https://www.courier-journal.com/story/news/politics/2018/10/13/donald-trump-kentucky-rally-quotes/1577564002/,11,1539511885.0,
Conservatives rally to Kanye's defense,0,http://www.msnbc.com/all-in/watch/conservatives-rally-to-kanye-s-defense-1343246915979?v=raila&,24,1539511852.0,
"Kanye Rants About ‘Mind Control,’ Says Jack Dorsey Promised ‘Reprogramming’ of Twitter",62,https://www.mysanantonio.com/entertainment/the-wrap/article/Kanye-West-Returns-to-Twitter-With-Video-About-13305354.php,42,1539511813.0,
"Trump suggests support for family separations, after earlier practice caused outcry",98,https://www.nbcnews.com/politics/politics-news/trump-suggests-support-family-separations-after-earlier-practice-caused-outcry-n919866,10,1539511729.0,
Scientist: EPA changes are an effort to 'gut rules' that protect public,211,https://www.cnn.com/2018/10/13/politics/epa-clean-air-committee-changes/index.html,6,1539511533.0,
US pastor freed from Turkey prays with Trump in Oval Office,0,https://fox40.com/2018/10/13/us-pastor-freed-from-turkey-prays-with-trump-in-oval-office/,19,1539511179.0,
Alabama grocery store says it won't sell Pepsi products with NFL logo to oppose kneeling protests,0,https://thehill.com/blogs/blog-briefing-room/news/411288-alabama-grocery-store-refuses-to-stock-pepsi-products-with-nfl,50,1539510928.0,
EPA scraps pair of air pollution science panels,109,https://www.washingtonpost.com/energy-environment/2018/10/14/epa-scraps-pair-air-pollution-science-panels/,3,1539510221.0,
The Register's endorsements for Congress: GOP has failed to govern; give Democrats a chance,394,https://www.desmoinesregister.com/story/opinion/editorials/2018/10/13/register-endorsements-congress-gop-failed-govern-democrats-finkenauer-axne-loebsack-scholten/1594065002/,12,1539510056.0,
Ivanka Trump’s Gurus Say Their Techniques Can End War and Make You Fly,112,https://www.thedailybeast.com/ivanka-trumps-gurus-say-their-techniques-can-end-war-and-make-you-fly,69,1539509417.0,
U.S. defends FCC's repeal of net neutrality rules,9,https://www.reuters.com/article/us-usa-internet/u-s-defends-fccs-repeal-of-net-neutrality-rules-idUSKCN1MM242,5,1539509149.0,
Members of Far-Right Men’s Group “Proud Boys” Beat Up Protesters in New York,691,https://slate.com/news-and-politics/2018/10/proud-boys-members-beat-up-protesters-in-new-york-after-event-with-gavin-mcinnes.html,86,1539508812.0,
The Democrats Have a Latino Problem,0,https://slate.com/news-and-politics/2018/10/hispanic-voters-trump-democrats-2018-midterms.html,27,1539508761.0,
Why I Quit the Border Patrol,117,https://www.thedailybeast.com/why-i-quit-the-border-patrol,4,1539508560.0,
We need tax police – and they should go after the likes of Donald Trump,1484,https://www.theguardian.com/commentisfree/2018/oct/13/new-york-times-donald-trump-tax,126,1539508153.0,
Democrats fear Hillary Clinton's 'kiss of death' as midterms near,0,https://www.foxnews.com/politics/democrats-fear-hillary-clintons-kiss-of-death-as-midterms-near,52,1539508132.0,
Mike Pence’s wife is backing a candidate who wants to jail gay people,3882,https://www.pinknews.co.uk/2018/10/12/mike-pence-wife-karen-pence-jail-gay-people/,240,1539507881.0,
Melania Trump: 'I never talk to Mr. Giuliani',0,https://www.cnn.com/2018/10/12/politics/melania-trump-rudy-giuliani/index.html?utm_content=2018-10-14T00%3A45%3A01&utm_source=twCNN&utm_medium=social&utm_term=image,21,1539507024.0,
GOP's grip on the Senate tightens even as Democrats threaten to take the House,12,https://www.cnbc.com/2018/10/12/gop-grip-on-senate-tightens-even-as-democrats-threaten-to-take-house.html,14,1539506892.0,
GOP Senator David Perdue Rips Phone Away When Student Confronts Him (VIDEO),878,https://lawandcrime.com/caught-on-video/gop-senator-david-perdue-ripped-phone-away-while-constituent-records-him/,34,1539506890.0,
Poll: Dems maintain double-digit leads in Minnesota Senate races,280,https://thehill.com/homenews/campaign/410860-poll-dems-maintain-double-digit-leads-in-minnesota-senate-races,17,1539506523.0,
California’s Bullet Train Is Now Officially Insane,0,https://www.motherjones.com/kevin-drum/2018/10/californias-bullet-train-is-now-officially-insane/,31,1539506510.0,
Did Ted Cruz's Campaign Send Fundraising Mailers That Resemble Legal Summonses?,307,https://www.snopes.com/fact-check/ted-cruz-summons-mailings/,22,1539506446.0,
Trump: Democrats are 'consumed by their chilling lust for power',0,https://www.washingtonpost.com/video/politics/trump-democrats-are-consumed-by-their-chilling-lust-for-power/2018/10/13/ab782dee-cf42-11e8-ad0a-0e01efba3cc1_video.html,74,1539506139.0,
Chris Cuomo Names And Shames The Fox News Hosts Stoking Animosity,464,https://www.huffingtonpost.com/entry/chris-cuomo-fox-news-hosts-animosity_us_5bc19305e4b040bb4e828040,29,1539505453.0,
This Is The Race That Will Tell Democrats If They're Headed For A House Majority,7,https://www.huffingtonpost.com/entry/amy-mcgrath-andy-barr-kentucky_us_5bc0c259e4b0bd9ed559b77c,34,1539505384.0,
Fatal police shootings 40% more likely in states with higher gun ownership,555,https://abcnews.go.com/Health/US/fatal-police-shootings-40-states-higher-gun-ownership/story?id=58477634,100,1539505076.0,
Jared Kushner 'likely' paid little or no income taxes for years: NYTimes,152,https://www.reuters.com/article/us-usa-trump-kushner/jared-kushner-likely-paid-little-or-no-income-taxes-for-years-nytimes-idUSKCN1MN0TK,12,1539505044.0,
"Kanye West, Donald Trump, and the Truth About Chicago",22,https://www.newyorker.com/news/daily-comment/kanye-west-donald-trump-and-the-truth-about-chicago,9,1539504728.0,
Hillary Clinton's security clearance withdrawn at her request,129,https://www.nbcnews.com/politics/hillary-clinton/hillary-clinton-s-security-clearance-withdrawn-her-request-n919821,65,1539504519.0,
Elizabeth Warren to Boston: midterms are 'downpayment' on the White House,316,https://www.theguardian.com/us-news/2018/oct/13/elizabeth-warren-boston-midterms-presidency,17,1539504461.0,
Why Donald Trump Will Likely Win A Second Term As President,0,https://www.yahoo.com/news/why-donald-trump-likely-win-204941807.html,64,1539504271.0,
Democratic activists push for the polls with third Chicago Women’s March,57,https://chicago.suntimes.com/working/womens-march-chicago-vote-rally-trump-elections-midterm/,2,1539504152.0,
Trump: U.S. would be 'punishing itself' if it halts arms sales to Saudi Arabia,89,https://www.reuters.com/article/us-saudi-politics-dissident-usa/trump-u-s-would-be-punishing-itself-if-it-halts-arms-sales-to-saudi-arabia-idUSKCN1MN0SM,40,1539503907.0,
Robert E. Lee descendant: I was 'disheartened' to hear Trump comments about Confederate general,1864,https://thehill.com/blogs/blog-briefing-room/news/411286-robert-e-lee-descendant-i-was-disheartened-to-hear-trump,158,1539503431.0,
Trump Likely to Name Pat Cipollone as Next White House Counsel,0,https://www.wsj.com/articles/trump-likely-to-name-pat-cipollone-as-next-white-house-counsel-1539471560,6,1539502889.0,
Republicans' new strategy ahead of midterms: call the left an 'angry mob',852,https://www.theguardian.com/us-news/2018/oct/13/republicans-strategy-midterms-call-the-left-an-angry-mob,202,1539502783.0,
Cipollone to replace McGahn as top White House lawyer,19,https://www.politico.com/story/2018/10/13/cipollone-mcgahn-white-house-counsel-898700,11,1539502407.0,
Trump administration steps in to kill police-reform plan,451,https://abcnews.go.com/US/wireStory/trump-administration-steps-kill-police-reform-plan-58471494,17,1539502218.0,
Nevada Democratic Senate candidate Jacky Rosen is making a bet that she can run on immigration — and win,83,https://www.vox.com/policy-and-politics/2018/10/11/17878986/nevada-senate-jacky-rosen-immigration,7,1539502149.0,
'I am running with these labels': How 3 black candidates are running post-Obama,48,https://www.cnn.com/2018/10/13/politics/race-andrew-gillum-stacey-abrams-ben-jealous-obama/index.html,6,1539501413.0,
Marsha Blackburn up 14 percent despite Taylor Swift's plea for opponent Phil Bredesen in Tennessee race,0,https://www.foxnews.com/entertainment/marsha-blackburn-up-14-percent-despite-taylor-swifts-plea-for-opponent-phil-bredesen-in-tennessee-race,66,1539501038.0,
US pastor freed from Turkey prays with Trump in Oval Office,0,https://apnews.com/1d27849b00a745979699c996adcee7d7,14,1539500937.0,
Don’t count out Ben Jealous and his progressive message for Maryland,102,https://www.washingtonpost.com/opinions/dont-count-out-ben-jealous-and-his-progressive-message-for-maryland/2018/10/02/1a9b593e-c5a8-11e8-9b1c-a90f1daae309_story.html?noredirect=on&utm_term=.8b2cd1dc8ee2,23,1539500341.0,
"Warren calls out GOP congressman for 'white supremacist propaganda,' encourages donations to his opponent",883,https://thehill.com/homenews/senate/406515-warren-calls-out-gop-congressman-for-white-supremacist-propaganda-encourages,60,1539500103.0,
"The Number of Children Without Vaccinations Has Skyrocketed Since 2001, New Reports Find",333,http://time.com/5423325/vaccine-rate-increase-cdc/,53,1539499954.0,
"Violent Far-Right, Pro-Trump Group Hits New York Streets, and Fox News Sees Them as Victims",5820,https://www.newsweek.com/violent-far-right-group-fox-news-victims-1168454,744,1539499456.0,
Five things to watch for in deteriorating US-Saudi relations,11,https://thehill.com/policy/international/411235-five-things-to-watch-for-in-deteriorating-us-saudi-relations,4,1539499140.0,
Nobel laureate William Nordhaus provided tools to fight global warming. It's tragic conservatives ignored him,229,https://www.washingtonpost.com/outlook/2018/10/12/nobel-laureate-william-nordhaus-provided-tools-fight-global-warming-its-tragic-conservatives-ignored-him/,8,1539499066.0,
The Trump administration is reportedly considering a new family separation policy for immigrants,127,https://www.businessinsider.com/trump-administration-new-family-separation-policy-immigrants-2018-10,13,1539498956.0,
Stop Military Aid to Saudi Arabia,626,https://www.theatlantic.com/ideas/archive/2018/10/stop-funding-saudi-arabia-until-jamal-khashoggi-returns/572692/,32,1539498765.0,
Trump ramps up campaign presence in final weeks before midterm elections,0,https://www.cbsnews.com/news/trump-ramps-up-campaign-presence-in-final-weeks-before-2018-election-day-midterm-elections/,9,1539498535.0,
Ted Cruz warns that behind Beto O’Rourke and his cash is rash of ‘radical’ stands,0,https://www.dallasnews.com/news/2018-elections/2018/10/13/ted-cruz-warns-behind-beto-orourke-cash-rash-radical-stands,46,1539498532.0,
Witches in Brooklyn plan to hex Brett Kavanaugh,0,https://www.usatoday.com/story/news/nation-now/2018/10/13/witches-brooklyn-plan-hex-brett-kavanaugh/1630491002/?utm_source=feedblitz&utm_medium=FeedBlitzRss&utm_campaign=usatodaycomnation-topstories,28,1539498471.0,
Wasserman Schultz faces 2 high profile challengers for District 23 congressional seat,0,https://wsvn.com/news/politics/wasserman-schultz-faces-2-high-profile-challengers-for-district-23-congressional-seat/,17,1539498440.0,
Paul Waldman: Republicans may be about to steal an election in Georgia,2294,https://www.sltrib.com/opinion/commentary/2018/10/13/paul-waldman-republicans/,78,1539498175.0,
What's next for #MeToo after Kavanaugh's confirmation,18,https://edition.cnn.com/2018/10/13/us/kavanaugh-whats-next-metoo/index.html,10,1539498075.0,
Russia’s Big Space Fail Exposes Putin Era’s Soviet Reflexes,85,https://www.thedailybeast.com/russias-big-space-fail-exposes-putin-eras-soviet-reflexes,17,1539497857.0,
White House adviser and US President Donald Trump's son-in-law Jared Kushner 'likely paid little or no income tax' for years in bombshell New York Times report,1012,https://www.theguardian.com/us-news/2018/oct/13/jared-kushner-income-tax-new-york-times,35,1539497471.0,
Documents Suggest Jared Kushner Likely Paid Almost No Income Tax for Years,243,https://slate.com/news-and-politics/2018/10/jared-kushner-likely-paid-almost-no-income-tax-for-years-according-to-documents-reviewed-by-the-new-york-times.html,9,1539497412.0,
Afghan Taliban officials: 'US agrees to discuss troops pullout',56,https://www.aljazeera.com/news/2018/10/afghan-taliban-officials-agrees-discuss-troops-pullout-181013134957130.html,13,1539497335.0,
Trump on pastor's release: There was 'no deal',0,https://thehill.com/homenews/administration/411267-trump-on-pastors-release-there-was-no-deal,8,1539497315.0,
Alabama grocery store refuses to sell Pepsi products with NFL logo,0,https://www.foxnews.com/us/alabama-supermarket-refuses-to-sell-pepsi-products-with-nfl-logo,43,1539497184.0,
A black Republican found he couldn't defend the GOP any more over accusation of Georgia voter suppression,13614,https://www.newsweek.com/black-republican-political-consultant-speaks-georgia-voter-suppression-says-1168471,676,1539496884.0,
Pro-Trump Gang Seen In Footage Assaulting Anti-Fascist Protesters In Manhattan,3553,https://m.huffingtonpost.com.au/entry/proud-boys-new-york-assault-gavin-mcinnes_us_5bc20d60e4b0bd9ed55a96ee,378,1539496880.0,
Now Duncan Hunter Is Muslim-Bashing His Democratic Opponent—Who’s a Protestant,1241,https://www.thedailybeast.com/now-duncan-hunter-is-muslim-bashing-his-democratic-opponentwhos-a-protestant,124,1539496670.0,
"Melania Trump says she ‘was blindsided’ by ‘zero tolerance’ immigration policy, told president it was ‘unacceptable’",0,https://www.foxnews.com/politics/melania-trump-says-she-was-blindsided-by-zero-tolerance-immigration-policy-told-president-it-was-unacceptable,42,1539496100.0,
Manafort is cooperating with investigators but a Virginia retrial still looms,293,https://www.nbcnews.com/politics/politics-news/manafort-cooperating-investigators-virginia-retrial-still-looms-n919851,2,1539496021.0,
Fact Check: What Did Ruth Bader Ginsburg and Thomas Jefferson Say About the Constitution?,11,https://www.snopes.com/fact-check/ginsburg-and-jefferson-constitution/,9,1539495816.0,
Marijuana and the midterms,10,https://thehill.com/opinion/civil-rights/411273-marijuana-and-the-midterms,6,1539495648.0,
"Facebook Says Russian Firms 'Scraped' Data, Some for Facial Recognition",181,https://www.wral.com/facebook-says-russian-firms-scraped-data-some-for-facial-recognition/17912141/,10,1539495580.0,
Donald Trump vows ‘severe punishment’ if Saudi Arabia killed Jamal Khashoggi,0,https://www.scmp.com/news/world/united-states-canada/article/2168459/donald-trump-vows-severe-punishment-if-saudi-arabia,20,1539495324.0,
Congress heads toward postelection fight over border wall,12,https://apnews.com/8f3393797f4a41dca4c3737bc7cd7e0c,4,1539495309.0,
Pennsylvania Republican Leadership Spits in the Eyes of Child Sex Abuse Victims with Faux Justice in New Proposal,99,https://verdict.justia.com/2018/10/13/pennsylvania-republican-leadership-spits-in-the-eyes-of-child-sex-abuse-victims-with-faux-justice-in-new-proposal,3,1539495209.0,
"Trump can't help it, he keeps pushing Republicans across the aisle",88,http://www.latimes.com/opinion/op-ed/la-oe-heffernan-20181013-story.html,10,1539495036.0,
"'We Are Not Civil': Vandals Smash Windows, Spray Paint Doors of NYC GOP Office",0,http://insider.foxnews.com/2018/10/13/new-york-city-republican-office-vandalized-note-left-behind-saying-we-are-not-civil,53,1539494850.0,
John Kelly remains Donald Trump's Chief of Staff because president doesnt know who to call to fire him,3293,https://www.newsweek.com/donald-trump-fire-john-kelly-1165725,190,1539493832.0,
Trump to give Nunes the Medal of Freedom? Better idea: free nights at a Trump hotel,205,https://www.fresnobee.com/opinion/editorials/article219890260.html,19,1539493479.0,
What Democrats need to do to win,59,https://www.cnn.com/2018/10/13/opinions/what-democrats-need-to-do-to-win-opinion-doyle/index.html,33,1539493326.0,
"FBI director says bureau is investigating 5,000 terrorism cases across the world",42,https://abcnews.go.com/US/fbi-director-bureau-investigating-5000-terrorism-cases-world/story?id=58405019,6,1539492789.0,
Argument analysis: Are there limits to the government’s power to detain immigrants without a hearing?,36,http://www.scotusblog.com/2018/10/argument-analysis-are-there-limits-to-the-governments-power-to-detain-immigrants-without-a-hearing/,5,1539492774.0,
Trump's likely replacement for Don McGahn indicates the White House is preparing to take a more combative approach toward Mueller,690,https://www.businessinsider.com/trump-pat-cipollone-replace-don-mcgahn-white-house-counsel-mueller-russia-2018-10,45,1539492563.0,
"Taylor Swift, the Grown-Up in the Room",476,https://www.nytimes.com/2018/10/13/opinion/sunday/taylor-swift-phil-bredesen-marsha-blackburn.html,26,1539491273.0,
"Trump ally Kris Kobach can campaign with replica machine gun, town says",210,https://www.theguardian.com/us-news/2018/oct/13/kris-kobach-replica-machine-gun-jeep-donald-trump,44,1539491268.0,
Pastor prays for Trump to have 'supernatural wisdom',0,https://thehill.com/blogs/blog-briefing-room/411276-pastor-prays-for-trump-to-have-supernatural-wisdom,28,1539491223.0,
Sarah Sanders: Melania has 'more class than the women who bully her',0,https://thehill.com/homenews/administration/411275-sarah-sanders-melania-has-more-class-than-the-women-who-bully-her,61,1539491130.0,
Conservative group launches ad campaign thanking Collins after Kavanaugh vote,93,https://thehill.com/homenews/senate/411274-conservative-group-launches-ad-campaign-thanking-collins-after-kavanaugh-vote,27,1539491077.0,
Crackdowns on potential voter fraud fuel worries about ballot access in November,80,https://www.washingtonpost.com/politics/crackdowns-on-potential-voter-fraud-fuel-worries-about-ballot-access-in-november/2018/10/13/764db388-c0cd-11e8-be77-516336a26305_story.html,5,1539490177.0,
Time to restore our democracy,122,https://thehill.com/opinion/campaign/411272-time-to-restore-our-democracy,37,1539490028.0,
Senate candidates clash in TV debate,0,https://www.abqjournal.com/1232618/senate-candidates-trade-barbs-in-rollicking-tv-debate.html,2,1539489972.0,
"Jared Kushner, President Donald Trump's son-in-law, paid little to no federal income taxes from 2009 to 2016, according to a report from The New York Times.",846,https://amp.businessinsider.com/jared-kushner-companies-dodged-income-tax-for-years-2018-10,38,1539489815.0,
"After release from Turkey, pastor meets with Trump in Oval Office",0,https://www.nbcnews.com/news/world/pastor-andrew-brunson-meets-trump-after-release-detention-turkey-n919811,4,1539489651.0,
"No Food, No FEMA: Hurricane Michael’s Survivors Are Furious",6716,https://www.thedailybeast.com/no-food-no-fema-hurricane-michaels-survivors-are-furious,1191,1539489645.0,
Authenticity now the attribute craved by national democrats,39,https://www.yahoo.com/news/authenticity-now-attribute-craved-national-democrats-162902736--election.html,13,1539489501.0,
Secretary of State: Prairie View A&M students allowed to vote without extra paperwork,110,https://www.chron.com/news/houston-texas/houston/article/Secretary-of-State-Prairie-View-A-M-students-13303860.php,6,1539489475.0,
Democrats Have A Chance To Win One Of The Reddest Districts In The Country,662,https://fivethirtyeight.com/features/democrats-have-a-chance-to-win-one-of-the-reddest-districts-in-the-country/,24,1539489266.0,
Georgia Sued Over Law Preventing Voter Registrations,2011,https://www.courthousenews.com/georgia-sued-over-law-preventing-voter-registrations/,38,1539489212.0,
Evangelical Pastor Andrew Brunson kneels in prayer in Oval Office after being freed from Turkish jail,0,https://www.washingtonpost.com/politics/trump-to-meet-evangelical-pastor-brunson-after-he-was-freed-from-turkish-jail/2018/10/13/352faf66-cef9-11e8-920f-dd52e1ae4570_story.html?utm_term=.f1d6922cb64f,34,1539488883.0,
Trump touts Turkey's release of Pastor Andrew Brunson at Ohio rally,0,https://edition.cnn.com/2018/10/12/politics/donald-trump-andrew-brunson-ohio/index.html,1,1539488599.0,
"Cardinal Wuerl resignation doesn't go far enough, say critics of the Vatican",21,https://www.nbcnews.com/news/world/cardinal-wuerl-resignation-doesn-t-go-far-enough-say-critics-n919796,4,1539488295.0,
The Reasonable Killing of an 89-Pound Boy,22,https://www.thetrace.org/2016/12/the-reasonable-killing-of-an-89-pound-boy-st-louis/,16,1539488288.0,
"What Taylor Swift Did Is Cool, I Guess. But We Need Fewer White People to Vote, Not More",0,https://www.theroot.com/what-taylor-swift-did-is-cool-i-guess-but-we-need-les-1829651234,68,1539488138.0,
Trump defends $110 billion US arms sale to Saudi Arabia,94,https://thehill.com/homenews/administration/411271-trump-defends-110-billion-us-arms-sale-to-saudi-arabia,16,1539487988.0,
Candidates for US Senate face off in debate,0,https://www.koat.com/article/candidates-for-us-senate-face-off-in-debate/23748912,1,1539487987.0,
"‘Davos in the Desert,’ a Saudi Prince’s Glittering Showcase, Is Stained by a Grisly Accusation",81,https://www.nytimes.com/2018/10/13/world/middleeast/saudi-arabia-conference-crown-prince-mohammed.html?rref=collection%2Fsectioncollection%2Fpolitics&action=click&contentCollection=politics&region=stream&module=stream_unit&version=latest&contentPlacement=1&pgtype=sectionfront,5,1539487872.0,
The Kavanaugh Smear War Broke My Decades-Long Support For Feminism,0,http://thefederalist.com/2018/10/12/kavanaugh-smear-war-broke-decades-long-support-feminism/,58,1539487846.0,
5 myths about the 2016 election,6,http://www.chicagotribune.com/news/opinion/commentary/ct-perspec-myths-2016-presidential-election-1014-20181010-story.html,13,1539487695.0,
Judge partially strikes down Missouri’s strict voter ID law,417,https://www.salon.com/2018/10/12/judge-partially-strikes-down-missouris-strict-voter-id-law/,7,1539487546.0,
How Taylor Swift's political endorsement could become the 'biggest ripple ever' at the polls,1885,https://www.cnbc.com/2018/10/13/taylor-swifts-endorsement-may-see-biggest-ripple-ever-at-the-polls.html,200,1539487330.0,
Jared Kushner 'thinks he's the smartest guy in the room': Omarosa Manigault jabs Trump's son-in-law in freewheeling interview,370,https://www.businessinsider.com/omarosa-manigault-on-jared-kushner-in-bill-maher-interview-2018-10,32,1539487167.0,
"Republicans get busted posing as communists, trying to donate to Democratic campaign",25881,https://www.dailydot.com/layer8/ohalleran-young-republicans-communists/,1593,1539486760.0,
'I’m going to take it home and I’m going to punch it': Baby Trump balloons help defray cost of Chicago march,66,https://www.usatoday.com/story/news/nation/2018/10/13/march-polls-baby-trump-balloons-pay-chicago-gathering/1629428002/,6,1539486547.0,
"Bloomberg visits New Hampshire, fueling 2020 speculation",7,https://thehill.com/homenews/campaign/411270-bloomberg-visits-new-hampshire-fueling-2020-speculation,12,1539486477.0,
Bloomberg's New Hampshire event fuels White House bid talk,14,http://apnews.com/88bd8b74969942ca8f92a5139789d18e,17,1539486342.0,
"Trump meets with Kanye as Mueller, midterms, &amp; more hang over him",9,https://www.msnbc.com/brian-williams/watch/trump-meets-with-kanye-as-mueller-midterms-more-hang-over-him-1342473795808?v=railb&,7,1539486275.0,
Some Democrats Reportedly Fear Hillary Clinton's 'Kiss of Death' for the Midterms,0,https://www.9news.com/video/syndication/veuer/some-democrats-reportedly-fear-hillary-clintons-kiss-of-death-for-the-midterms/602-8280993,33,1539486260.0,
"Trump expected to name former Justice Dept. attorney Pat Cipollone as next White House counsel, says person with knowledge of pick",22,https://www.washingtonpost.com/news/politics/wp/2018/10/13/trump-expected-to-name-former-justice-dept-attorney-pat-cipollone-as-next-white-house-counsel-says-person-with-knowledge-of-pick/,3,1539486146.0,
"When it comes to Californians, Trump is never at a loss for insults",242,https://www.sfchronicle.com/bayarea/williesworld/article/When-it-comes-to-Californians-Trump-is-never-at-13303865.php,49,1539486051.0,
My son Eric Garner's death was my political awakening. Don't wait for a tragedy to have your own.,1017,https://www.nbcnews.com/think/opinion/my-son-eric-garner-s-death-was-my-political-awakening-ncna919151,7,1539485932.0,
"Matthew Shepard Will Be Interred at the Washington National Cathedral, 20 Years After His Death",490,https://www.nytimes.com/2018/10/11/us/matthew-shepard-ashes-cathedral.html,25,1539485928.0,
President Donald Trump holds MAGA rally in Richmond,0,https://www.wlky.com/article/president-donald-trump-holds-maga-rally-in-richmond/23759365,25,1539485703.0,
Trump hosts freed US pastor Brunson at White House,0,https://www.aljazeera.com/news/2018/10/trump-host-pastor-brunson-white-house-181013060927231.html,8,1539485609.0,
Is Trump on a Collision Course With Impeachment?,375,https://www.nytimes.com/2018/10/13/sunday-review/is-trump-on-a-collision-course-with-impeachment.html,101,1539485462.0,
The Khashoggi Incident: Trump’s Special Relationship With the Saudi Monarchy,142,https://www.counterpunch.org/2018/10/12/the-khashoggi-incident-trumps-special-relationship-with-the-saudi-monarchy/,3,1539485455.0,
"Men Have Been Telling Women to Shut Up for at Least 3,000 Years",297,https://www.motherjones.com/media/2018/10/homer-women-speaking-mary-beard-elizabeth-warren-hillary-clinton-christine-blasey-ford-trump-vocal-fry/,37,1539485393.0,
Federal prosecutors confirm grand jury investigation related to Michael Cohen case,283,https://www.usatoday.com/story/news/politics/2018/10/13/michael-cohen-prosecutors-confirm-ongoing-grand-jury-investigation/1628367002/,6,1539485201.0,
"As Suburban Women Turn to Democrats, Many Suburban Men Stand With Trump",91,https://www.nytimes.com/2018/10/13/us/politics/trump-suburban-men-ohio.html,24,1539485117.0,
"In public, lawmakers scold drug distributors. Come campaign season, they accept their cash willingly",211,https://www.pbs.org/newshour/politics/in-public-lawmakers-scold-drug-distributors-come-campaign-season-they-accept-their-cash-willingly,3,1539485106.0,
We tried to stop the Iraq War. The GOP treated us like it treats protesters now.,1329,https://www.washingtonpost.com/outlook/2018/10/12/we-tried-stop-iraq-war-gop-treated-us-like-it-treats-protesters-now,69,1539484790.0,
West Virginia's voting experiment stirs security fears,43,https://www.politico.com/story/2018/10/13/west-virginia-voting-app-security-846130,3,1539484698.0,
"If a Prince Murders a Journalist, That’s Not a Hiccup",2638,https://www.nytimes.com/2018/10/13/opinion/sunday/saudi-arabia-mbs-jamal-khashoggi.html?partner=IFTTT,75,1539484694.0,
Hamptons millionaires build luxe panic rooms to hide from MS-13,0,https://nypost.com/2018/10/06/hamptons-millionaires-build-luxe-panic-rooms-to-hide-from-ms-13/,78,1539484366.0,
Zinke's calendar omissions date back to his very first day in office,602,https://www.cnn.com/2018/10/13/politics/ryan-zinke-calendars-interior-secretary/index.html,8,1539484301.0,
Journalist's disappearance tests Trump's close Saudi ties,90,https://abcnews.go.com/Politics/wireStory/us-saudi-relations-hit-snag-journalists-disappearance-58452160,8,1539484269.0,
Scoop: Pat Cipollone filling out paperwork to be White House Counsel,23,https://www.axios.com/pat-cipollone-expected-white-house-counsel-1311dfb6-e8cf-4ed8-909e-38dd62873649.html?utm_source=twitter&utm_medium=social&utm_campaign=organic,2,1539484257.0,
Florida Gov. Rick Scott's Navy hat under attack in new midterm ad,76,https://www.usatoday.com/story/news/politics/onpolitics/2018/10/13/florida-governor-rick-scott-navy-hat-attack-midterm-ad/1620149002/,14,1539484194.0,
House seat suddenly in play after Trump backer's indictment,460,https://www.timesunion.com/news/politics/article/House-seat-suddenly-in-play-after-Trump-backer-s-13301181.php?utm_campaign=reddit-desktop&utm_source=CMS%20Sharing%20Button&utm_medium=social,14,1539483965.0,
"Trump supporters on #MeToo: 'Women should button their blouses, cross their legs, and quit acting like they want something'",2545,https://www.yahoo.com/lifestyle/trump-supporters-metoo-women-button-blouses-cross-legs-quit-acting-like-want-something-212405840.html,336,1539483912.0,
3 arrested after fight following NYC Republican club event,137,https://abc7ny.com/3-arrested-after-fight-following-nyc-republican-club-event/4476254/,97,1539483854.0,
Formerly convicted Florida residents sound off on voter disenfranchisement,43,https://www.pbs.org/newshour/politics/formerly-convicted-florida-residents-sound-off-on-voter-disenfranchisement,1,1539483806.0,
Self-described ‘communists’ tried to donate to a Democrat. They were actually GOP activists.,2992,https://www.washingtonpost.com/politics/2018/10/13/self-described-communists-tried-donate-democrat-they-were-actually-gop-activists/,156,1539483740.0,
Melania Trump totally changed her story on the 'I really don't care' jacket,324,https://us.cnn.com/2018/10/13/politics/melania-trump-jacket-i-really-dont-care-do-u/index.html,37,1539483557.0,
How Mitch McConnell finally came around on Trump: 'I look at the results',0,https://www.washingtonexaminer.com/news/congress/how-mitch-mcconnell-finally-came-around-on-trump-i-look-at-the-results,21,1539483031.0,
How the Secret Service Foiled an Assassination Plot Against Trump by ISIS,0,https://www.thedailybeast.com/how-the-secret-service-foiled-an-assassination-attempt-against-trump-by-isis,18,1539482916.0,
"We Need More Than $15 - Jeff Bezos doesn't deserve any praise for the recent raise at Amazon, not least because $15 isn't anywhere near enough.",7,https://www.jacobinmag.com/2018/10/amazon-fight-for-15-jeff-bezos,51,1539482757.0,
Don't be afraid to talk about the costs of dealing with climate change,121,https://theconversation.com/dont-be-afraid-to-talk-about-the-costs-of-dealing-with-climate-change-104538,7,1539482757.0,
"Melania Trump Admitted That Her ""I Really Don’t Care"" Jacket Was a Message After All",5458,https://www.esquire.com/news-politics/a23760074/melania-trump-i-really-don-t-care-jacket/,812,1539482511.0,
Midterm elections are likely to change the calculus for post-2020 Census redistricting,96,https://www.washingtonpost.com/politics/midterm-elections-are-likely-to-change-the-calculus-for-post-2020-census-redistricting/2018/10/13/a31835b0-cefa-11e8-a3e6-44daa3d35ede_story.html?utm_term=.a9747a8140ac,15,1539482441.0,
Who is causing climate change,31,https://slate.com/technology/2018/10/who-is-we-causing-climate-change.html,17,1539482274.0,
"Why a lifelong Republican once believed in Devin Nunes, but not anymore",403,http://amp.fresnobee.com/opinion/readers-opinion/article219899720.html?__twitter_impression=true,7,1539482161.0,
Owner of Limo Involved in Deadly NY Crash Spent Years as FBI Informant Entrapping Muslim Men,61,https://www.democracynow.org/2018/10/11/owner_of_limo_involved_in_deadly,6,1539482124.0,
Russian Cyber Trolls Watched 'House Of Cards' To Understand U.S. Politics : NPR,33,https://www.npr.org/2017/10/17/558390604/russian-cyber-trolls-watched-house-of-cards-to-understand-u-s-politic,4,1539481872.0,
Fiery Trump critic Mitt Romney denies leading 'Never Trump' Republicans,46,https://www.theguardian.com/us-news/2018/oct/13/mitt-romney-donald-trump-never-trump-republicans-deny,22,1539481851.0,
Women's March rally kicks off in Grant Park: Girls 'have to learn that they’re going to have to fight for the rest of their lives',220,http://www.chicagotribune.com/news/local/breaking/ct-met-womens-march-chicago-advance-20181012-story.html,18,1539481834.0,
"An open letter to the Democratic National Committee: Please resign, on behalf of the party and the country - NY Daily News",0,http://www.nydailynews.com/opinion/ny-oped-an-open-letter-to-the-democratic-national-committee-20181011-story.html?outputType=amp&__twitter_impression=true,42,1539481602.0,
Donald Trump Tries to Land on the Front Pages of His Favorite Newspapers Every Day: Report,61,https://www.newsweek.com/trump-front-page-newspapers-every-day-1168402?piano_t=1,18,1539481391.0,
Collins blasted ‘dark money’ groups in Kavanaugh fight. One just paid to thank her for her vote,1578,https://www.pressherald.com/2018/10/13/collins-blasted-dark-money-groups-in-kavanaugh-fight-one-just-paid-to-thank-her-for-her-vote/,30,1539481123.0,
‘Worthless’; Former Federal Prosecutor Slams Trump’s Written Answers to Mueller,575,https://lawandcrime.com/high-profile/worthless-former-federal-prosecutor-slams-trumps-written-answers-to-mueller/,18,1539481113.0,
Stacey Abrams slams her GOP opponent as an ‘architect of voter suppression’ in Georgia,12567,https://thinkprogress.org/stacey-abrams-brian-kemp-architect-of-voter-suppression-in-georgia-e2f4df878aea/,377,1539480950.0,
Teacher disciplined for claiming senior White House aide ‘ate glue',11,https://www.independent.co.uk/news/world/americas/us-politics/stephen-miller-glue-white-house-nikki-fiske-teacher-california-trump-aide-a8581736.html,8,1539480563.0,
Turkey releases US Pastor Andrew Brunson in big Trump win,0,https://www.vox.com/world/2018/10/12/17965126/turkey-pastor-brunson-trump-release,39,1539480437.0,
VA secretary refuses to provide documents about ‘Mar-a-Lago Crowd’,939,https://www.thenewstribune.com/news/local/military/article219858565.html,10,1539480236.0,
Remember That Our Opponents Are Insane Crazy People,0,https://townhall.com/columnists/kurtschlichter/2018/10/11/remember-that-our-opponents-are-insane-crazy-people-n2526693,68,1539479960.0,
New York prosecutors fight to keep Cohen warrants secret,70,https://thehill.com/homenews/administration/411266-new-york-prosecutors-fight-to-keep-cohen-warrants-secret,6,1539479943.0,
"Trump learns: Live by the Dow, die by the Dow",129,https://www.washingtonpost.com/opinions/the-economy-is-crushing-it--just-like-in-2008/2018/10/12/09be5028-ce43-11e8-920f-dd52e1ae4570_story.html?utm_term=.e4308a074918&wpisrc=nl_most&wpmm=1,22,1539479883.0,
Authenticity now the attribute craved by national Democrats,150,https://apnews.com/5c7f632b07d64773b63f47a4454c98f5,58,1539479165.0,
#MeToo inspires wave of old misconduct reports to colleges,103,https://www.apnews.com/2d5627fd0ae14e958fbbefb0c9099096,15,1539479140.0,
"How the Supreme Court became a political prize, long before Kavanaugh",14,https://www.washingtonpost.com/outlook/how-the-supreme-court-became-a-political-prize-long-before-kavanaugh/2018/10/11/368eb9e4-b773-11e8-a2c5-3187f427e253_story.html,1,1539479131.0,
Ohio election official caught hiding the source of congressional campaign donations. Punishment? Loss of two weeks paid vacation.,1379,https://www.cincinnati.com/story/news/politics/2018/10/10/penalty-blacking-out-memo-lines-aftab-purevals-campaign-checks-loss-two-weeks-vacation/1578762002/,14,1539479046.0,
How a Democratic House would check this erratic president,400,https://www.washingtonpost.com/opinions/congressional-republicans-have-abdicated-their-oversight-duties-time-for-a-new-majority/2018/10/12/df95c994-c8e2-11e8-9158-09630a6d8725_story.html,29,1539479036.0,
Jared Kushner’s legal tax evasion shows how wealthy real estate investors steal from taxpayers,4385,https://thinkprogress.org/jared-kushner-tax-evasion-scheme-14bf2f4b8f7a/,151,1539479030.0,
ICE data: Tens of thousands of deported parents have U.S. citizen kids,1012,https://www.publicintegrity.org/2018/10/12/22333/ice-data-tens-thousands-deported-parents-have-us-citizen-kids,81,1539478684.0,
Trump says he will discuss Khashoggi case with Saudi king Salman,23,https://www.theguardian.com/us-news/video/2018/oct/13/trump-says-he-will-discuss-khashoggi-case-with-saudi-king-salman-video,24,1539478322.0,
Trump can’t stop making flattering comments about the Confederacy,685,https://thinkprogress.org/president-trump-says-robert-e-lee-great-general-895ccdc8bfc4/,47,1539478125.0,
"And Now, Live on Stage, the Clintons!",0,https://www.wsj.com/articles/and-now-live-on-stage-the-clintons-1539359689,10,1539478090.0,
Newsmax Trump Wins the Kavanaugh Poker Match,0,https://www.newsmax.com/t/newsmax/article/886116?section=conradblack&keywords=trump-kavanaugh-confirmation&year=2018&month=10&date=12&id=886116&oref=www.google.com,6,1539477815.0,
A New Report Says Jared Kushner Likely Paid Almost No Federal Income Taxes for Years,622,https://www.motherjones.com/politics/2018/10/jared-kushner-taxes-net-worth-real-estate-trump-investments/,25,1539477757.0,
"Turkey Frees Pastor Andrew Brunson, Easing Tensions With U.S.",0,https://www.nytimes.com/2018/10/12/world/europe/turkey-us-pastor-andrew-brunson.html,7,1539477711.0,
"Trade war: Taiwanese firms to flee mainland China over Donald Trump’s tariffs, claims Taipei",0,https://www.scmp.com/news/china/diplomacy/article/2164760/trade-war-taiwanese-firms-flee-mainland-china-over-donald,1,1539477622.0,
Florida congressman criticizes ‘alarmists’ talking about climate change and Hurricane Michael,81,https://thinkprogress.org/florida-congressman-criticizes-alarmists-talking-about-climate-change-and-hurricane-michael-cdd82ef9f628/,15,1539477616.0,
We tracked down one of Hitler's last living family members on Long Island and found he likes Merkel and dislikes Trump,0,https://amp.businessinsider.com/hitlers-descendant-merkel-trump-2018-10,29,1539477588.0,
"GOP Gains Momentum, But Midterm Spending Trails Dems'",0,https://www.realclearpolitics.com/articles/2018/10/13/gop_gains_momentum_but_midterm_spending_trails_dems_138342.html,7,1539477504.0,
From Joan Baez to Taylor Swift: how musicians found a political voice,32,https://www.theguardian.com/music/2018/oct/13/taylor-swift-joan-baez-how-musicians-found-a-political-voice,6,1539477234.0,
Does the Kavanaugh Investigation Show How Trump Will Use the F.B.I. in the Future?,111,https://www.newyorker.com/news/daily-comment/does-the-kavanaugh-investigation-show-how-trump-will-use-the-fbi-in-the-future,7,1539477008.0,
Collusion judgment looms for key Senate panel,0,https://thehill.com/policy/national-security/411190-collusion-judgment-looms-for-key-senate-panel,2,1539476869.0,
Trump vows 'severe punishment' if US determines Saudi Arabia killed Khashoggi,16,https://www.washingtonpost.com/politics/trump-vows-severe-punishment-if-us-determines-saudi-arabia-killed-khashoggi/2018/10/13/dbefa658-cee0-11e8-920f-dd52e1ae4570_story.html?noredirect=on,14,1539476860.0,
'Kanye West is what happens when Negroes don't read': CNN panel bashes rapper and Donald Trump Jr. isn't having it,0,https://www.yahoo.com/entertainment/kanye-west-happens-negroes-dont-read-cnn-panel-bashes-rapper-donald-trump-jr-isnt-172833379.html,15,1539476774.0,
Many Native IDs Won't Be Accepted At North Dakota Polling Places,2311,https://www.npr.org/2018/10/13/657125819/many-native-ids-wont-be-accepted-at-north-dakota-polling-places,88,1539476756.0,
Elizabeth Warren said to trash White House's John Kelly over emails,0,https://amp.businessinsider.com/elizabeth-warren-john-kelly-emails-insulting-travel-ban-2018-10,18,1539476712.0,
FEMA director criticizes people for not getting out of storm’s way,147,https://thehill.com/homenews/administration/411251-fema-director-criticizes-people-for-not-getting-out-of-storms-way,27,1539476613.0,
Donald Trump: ‘I think we’re going to get the African American vote’,0,https://globalnews.ca/news/4545048/donald-trump-african-american-vote/,31,1539476589.0,
‘It’s all gone’: Tiny Florida beach town nearly swept away by Hurricane Michael,77,https://www.washingtonpost.com/national/its-all-gone-tiny-florida-beach-town-nearly-swept-away-by-hurricane-michael/2018/10/12/f1a110c0-ce56-11e8-a3e6-44daa3d35ede_story.html,11,1539476386.0,
"Despite what Donald Trump may think, political victory is not moral vindication",230,https://www.salon.com/2018/10/13/despite-what-donald-trump-may-think-political-victory-is-not-moral-vindication/,14,1539476297.0,
Drinking Water: Status of DOD Efforts to Address Drinking Water Contaminants Used in Firefighting Foam,24,https://www.gao.gov/mobile/products/GAO-18-700T,1,1539476214.0,
Is the MAGA magic wearing off for Pres. Trump?,78,http://www.msnbc.com/david-gura/watch/is-the-maga-magic-wearing-off-for-pres-trump-1343531587838,33,1539476082.0,
NYT: Kushner paid almost nothing in taxes thanks to business tax break,574,https://thehill.com/policy/finance/411260-nyt-kushner-paid-almost-nothing-in-taxes-thanks-to-business-tax-break,18,1539476055.0,
Kamala Harris books first trip to Iowa,177,https://www.politico.com/story/2018/10/13/kamala-harris-iowa-trip-898606,71,1539476030.0,
Merkley Introduces Legislation to Stop Trump’s Internment Camp Agenda,325,https://www.merkley.senate.gov/news/press-releases/merkley-introduces-legislation-to-stop-trumps-internment-camp-agenda,4,1539475928.0,
"For Some Democrats, Civic Engagement Is Replacing Religion",852,https://www.truthdig.com/articles/for-some-democrats-civic-engagement-is-replacing-religion/,35,1539475647.0,
"Shockingly, thanks to millennials, Republican Party breaks ground game record",0,https://www.washingtonexaminer.com/red-alert-politics/shockingly-thanks-to-millennials-republican-party-breaks-ground-game-record,10,1539475541.0,
GOP candidate says threatening to ‘stomp’ his opponent’s face ‘with golf spikes’ was a metaphor,536,https://thinkprogress.org/pa-governor-race-scott-wagner-golf-spike-threat-tom-wolf-metaphor-015788ba7a41/,66,1539475236.0,
Virginia GOP says Democratic candidate ‘hates America’,15,https://thehill.com/homenews/campaign/411258-virginia-gop-says-democratic-candidate-hates-america,22,1539475043.0,
"The Senate represents states, not people. That’s the problem.",108,https://www.vox.com/2018/10/13/17971340/the-senate-represents-states-not-people-constitution-kavanaugh-supreme-court,24,1539474924.0,
Washington State Abolishes Death Penalty,201,https://www.democracynow.org/2018/10/12/headlines/washington_state_abolishes_death_penalty,3,1539474872.0,
Democrats Have Become the Party of Destruction,0,https://www.newsmax.com/t/newsmax/article/886110?section=reagan&keywords=democrats-mobs-protesters&year=2018&month=10&date=12&id=886110&oref=www.google.com,23,1539474823.0,
Jared Kushner reportedly dodged paying income taxes for years,5500,https://www.businessinsider.com/jared-kushner-companies-dodged-income-tax-for-years-2018-10,158,1539474672.0,
"Jared Kushner Paid Little To No Federal Income Tax For Years, New York Times Reports",2657,https://www.huffingtonpost.com/entry/jared-kushner-paid-little-to-no-federal-income-tax-for-years-new-york-times-reports_us_5bc2006ee4b01a01d68b1ffe,62,1539474413.0,
GOP Leaders Not Ruling Out Chance Of Mini Shutdown Over Wall Funding,337,https://talkingpointsmemo.com/news/gop-not-ruling-out-chance-shut-down-border-wal,38,1539474404.0,
"Geraldo Rivera: Kanye was liberal media's hero when he scolded Bush, now he's crazy because he backs Trump?",0,https://www.foxnews.com/opinion/geraldo-rivera-kanye-was-liberal-medias-hero-when-he-scolded-bush-now-hes-crazy-because-he-backs-trump,48,1539474404.0,
Trump Jr. retweets unsubstantiated claim on missing Saudi journalist,1015,https://us.cnn.com/2018/10/13/politics/donald-trump-jr-jamal-khashoggi/index.html,44,1539474231.0,
Lane County Ballot Measure Asks Voters To Approve A New Voting Method,48,http://www.klcc.org/post/lane-county-ballot-measure-asks-voters-approve-new-voting-method,14,1539474034.0,
Melania Trump Wore ‘Don’t Care’ Jacket to Show Left-Wing Critics They Will Not Stop Her,0,https://www.breitbart.com/politics/2018/10/12/melania-trump-wore-dont-care-jacket-to-show-left-wing-critics-they-will-not-stop-her/,60,1539473609.0,
"Democrats Are Blowing It, Again",0,https://www.nytimes.com/2018/10/12/opinion/liberals-trump-midterms-2020-election.html,94,1539473601.0,
"'The show is Trump, and it is sold-out performances everywhere'",0,https://www.cnn.com/2018/10/12/politics/headlines-week-in-review/index.html?,12,1539473580.0,
Trump vows 'severe punishment' if Saudi Arabia killed missing journalist Jamal Khashoggi,0,https://www.nbcnews.com/news/world/trump-vows-severe-punishment-if-saudi-arabia-killed-missing-journalist-n919806,18,1539473490.0,
Saturday Morning Political Cartoon Thread,248,https://www.reddit.com/r/politics/comments/9nul7t/saturday_morning_political_cartoon_thread/,164,1539473475.0,"It's Saturday morning, folks. Let's all kick back with a cup of coffee and share some cartoons!

Feel free to share political cartoons (no memes/image macros, though) in this thread. The subject doesn't have to be US politics and can be from any time. Just keep them political and safe for work."
Donald Trump Jr. emerges as GOP fundraising force,0,https://thehill.com/homenews/senate/411256-donald-trump-jr-emerges-as-gop-fundraising-force,12,1539473275.0,
Work of AG Paxton’s Election Fraud Unit Results in Arrests of 4 Members of Organized Voter Fraud Ring in North Fort Worth,0,https://www.texasattorneygeneral.gov/news/releases/work-ag-paxtons-election-fraud-unit-results-arrests-4-members-organized-voter-fraud-ring-north-fort,30,1539472887.0,
White House aides reportedly 'hugely embarrassed' by Trump's lunch with Kanye,1760,https://www.newsweek.com/kanye-west-trump-visit-white-house-aides-embarrassed-1168312?piano_t=1,192,1539472710.0,
'Kiss of Death': Democrats keep Hillary off campaign trail,0,https://www.washingtonexaminer.com/news/congress/democrats-keep-kiss-of-death-hillary-clinton-away-from-campaign-trail,23,1539472681.0,
Real Clear Politics Is Predicting A Red Wave In The Senate,0,https://dailycaller.com/2018/10/11/red-wave-senate-real-clear/,23,1539472307.0,
Man Charged for Threatening to Kill Senator Dianne Feinstein,1543,http://time.com/5422872/arrest-threat-kill-dianne-feinstein/,125,1539472151.0,
Democrats must end mob rule,0,https://thehill.com/opinion/campaign/411168-democrats-must-end-mob-rule,37,1539472054.0,
White House nominations to 9th Circuit set off firestorm,128,https://edition.cnn.com/2018/10/13/politics/white-house-ninth-circuit-judges/index.html,28,1539471993.0,
USA Today Publishes Fact Check Of 'Misleading' Trump Op-Ed,1453,https://www.huffingtonpost.com/entry/fact-check-trump-op-ed-usa-today_us_5bc05b75e4b01a01d68951a3,49,1539471610.0,
"Most of us would fail the U.S. citizenship test, survey finds",348,https://www.nbcnews.com/news/latino/most-us-would-fail-u-s-citizenship-test-survey-finds-n918961,60,1539471516.0,
Trump to host pastor Brunson in Oval Office on Saturday afternoon,0,https://www.reuters.com/article/us-turkey-security-usa-trump/trump-to-host-pastor-brunson-in-oval-office-on-saturday-afternoon-idUSKCN1MN0KQ?feedType=RSS&feedName=worldNews&utm_source=feedburner&utm_medium=feed&utm_campaign=Feed%3A+Reuters%2FworldNews+%28Reuters+World+News%29,14,1539471146.0,
"San Francisco Jewish Federation also funding far-right fringe groups, not just Canary Mission",83,https://www.haaretz.com/us-news/.premium-sf-jewish-federation-funded-far-right-groups-as-well-as-canary-mission-1.6547447,11,1539471066.0,
Leading Democrat on House Ways and Means would ask for Trump's tax returns,113,https://www.cnn.com/2018/10/12/politics/house-ways-mean-tax-returns-richard-neal/index.html,5,1539470905.0,
Trump vows 'severe punishment' if Saudis killed Jamal Khashoggi,0,https://www.theguardian.com/world/2018/oct/13/donald-trump-jamal-khashoggi-saudi-arabia-cbs-interview,12,1539470644.0,
Melania Trump Says Her “I Really Don’t Care” Jacket Was Message to Media,0,https://slate.com/news-and-politics/2018/10/melania-trump-i-really-dont-care-jacket-was-message-to-media.html?via=recirc_recent,47,1539470359.0,
The security community increasingly thinks a bombshell Bloomberg report on Chinese chip hacking could be bogus,41,https://www.businessinsider.com/security-community-voicing-increasing-doubts-about-bombshell-bloomberg-chinese-chip-hacking-2018-10,7,1539469920.0,
Naomi Klein: We've Entered a Frightening New Era of Capitalism,1083,https://www.truthdig.com/articles/naomi-klein-weve-entered-a-frightening-new-era-of-capitalism/,80,1539469879.0,
Israel tells US student to renounce views or leave the country,181,https://www.cnn.com/2018/10/10/middleeast/israel-denies-student-entry-intl/index.html,43,1539469640.0,
How Jared Kushner Avoided Paying Taxes,3594,https://www.nytimes.com/2018/10/13/business/kushner-paying-taxes.html,234,1539469492.0,
'We’ve got a Latino problem': Dems fret midterm turnout in key House districts,27,https://www.politico.com/story/2018/10/13/latino-turnout-democrats-midterms-898556,39,1539469489.0,
Republicans warn: There's a 'big fight' brewing over Trump's border wall,13,https://us.cnn.com/2018/10/13/politics/border-wall-fight-trump-congress/index.html,14,1539469402.0,
"Kushner Likely Paid No Federal Income Taxes for Years, Documents Show",45100,https://www.nytimes.com/2018/10/13/business/jared-kushner-taxes.html,2530,1539469396.0,
Saudi Record Of Trump Biz Bail Outs Under Scrutiny As US Responds To Missing Writer,571,https://talkingpointsmemo.com/news/saudi-record-trump-biz-bail-outs,6,1539469013.0,
Trump’s WWE Buddies Are Deeply In Bed With Saudi Regime,881,https://www.thedailybeast.com/trumps-wwe-buddies-are-deeply-in-bed-with-saudi-regime,85,1539468926.0,
The Case For Giving Every American $25 “Democracy Vouchers” For Every Election,83,http://inthesetimes.com/article/21510/seattle_democracy_vouchers_campaign_finance_reform_midterms,38,1539468731.0,
Turkey 'has recording proving Saudi murder',901,https://www.bbc.com/news/world-europe-45838471,56,1539468650.0,
Calling Democrats the ‘Angry Mob’ is Trump’s Biggest Lie Yet,6045,http://nymag.com/intelligencer/2018/10/calling-democrats-the-angry-mob-is-trumps-biggest-lie-yet.html,601,1539468321.0,
Jamal Khashoggi: Trump to 'punish' Saudis over journalist,0,https://www.bbc.com/news/world-middle-east-45850514,7,1539468252.0,
The 1% in the US makes over $1 million more than everyone else—here's where the gap is largest,318,https://www.cnbc.com/2018/10/12/the-1-percent-makes-over-1-million-more-than-everyone-else-in-the-us.html,46,1539468241.0,
Israel defends actions against detained U.S. student as international criticism mounts,207,https://www.cbsnews.com/amp/news/israel-defends-actions-against-detained-u-s-student-lara-alqasem-as-international-criticism-mounts-2018-10-10/,19,1539467801.0,
Trump won’t commit to sanctioning Saudi Arabia over journalist’s death because of his arms deal,493,https://thinkprogress.org/trump-60-minutes-saudi-arabia-sanctions-jamal-khashoggi-arms-deal-335883ebb408/,16,1539467764.0,
IMF chief Lagarde dismisses idea Beijing is manipulating the yuan as Washington turns up the heat,41,https://www.scmp.com/economy/china-economy/article/2168079/imf-chief-lagarde-dismisses-idea-beijing-manipulating-yuan,4,1539467591.0,
"They won't cover the left-wing mobs, but they'll cover Republicans' reaction",0,https://www.washingtonexaminer.com/opinion/they-wont-cover-the-left-wing-mobs-but-theyll-cover-republicans-reaction,37,1539467483.0,
Trump: Saudis ‘Vehemently Deny’ Killing Jamal Khashoggi,2205,https://www.thedailybeast.com/trump-saudis-vehemently-deny-killing-jamal-khashoggi,276,1539467461.0,
Trump Signs Bill To Clean Up Oceans From Trash Floating From Foreign Countries,0,https://www.cnsnews.com/news/article/melanie-arter/trump-signs-bill-clean-oceans-trash-floating-foreign-countries,16,1539467281.0,
"After the disappearance of journalist Jamal Khashoggi, Saudi Arabia's multi-million dollar public relations effort in the US is called into question",2753,https://www.cnbc.com/amp/2018/10/12/disappearance-of-jamal-khashoggi-undermines-saudi-arabias-pr-effort.html,84,1539466899.0,
DACA Students Immortalized In Art,24,https://www.kveo.com/news/local-news/daca-students-immortalized-in-art/1510352953,4,1539466828.0,
Nobody wins a race to the bottom,11,https://www.youtube.com/watch?v=KN6JLZNVggc,12,1539466518.0,
Saudi Arabia is America's No. 1 weapons customer,1205,https://www.cbsnews.com/amp/news/saudi-arabia-is-the-top-buyer-of-u-s-weapons/,110,1539466405.0,
Mnuchin takes another spin as Trump's global defender-in-chief,32,https://us.cnn.com/2018/10/13/politics/mnuchin-saudi-arabia-investor-conference/index.html,1,1539466159.0,
Americans Strongly Dislike PC Culture,0,https://www.theatlantic.com/ideas/archive/2018/10/large-majorities-dislike-political-correctness/572581/?single_page=true,156,1539465607.0,
Does This Video Show the ‘Left-Wing Mob’ Committing Acts of Violence?,0,https://www.snopes.com/fact-check/left-wing-mob-violence/,141,1539465387.0,
Reporting on Trump and Putin amid the war on truth,99,https://www.theguardian.com/membership/2018/oct/13/reporting-on-trump-and-putin-amid-the-war-on-truth,3,1539465141.0,
"North Dakota soybean farmers, caught in the trade war, watch the season run out on their crop",1769,https://www.washingtonpost.com/politics/north-dakota-soybean-farmers-caught-in-the-trade-war-watch-the-season-run-out-on-their-crop/2018/10/12/c64f94a0-ce4c-11e8-a360-85875bac0b1f_story.html,248,1539465089.0,
National Park Service explores whether to require payment for protests in nation's capital,1307,https://www.cbsnews.com/news/national-park-service-explores-whether-to-require-payment-for-protests-in-nations-capital/,128,1539465061.0,
"Trumpism is winning, and that's terrifying",0,https://edition-m.cnn.com/2018/10/08/opinions/brett-kavanaugh-victory-for-trumpism-dantonio/index.html?r=https%3A%2F%2Fduckduckgo.com%2F,36,1539464897.0,
Pentagon investigating cyber breach of some travel records,30,https://www.reuters.com/article/us-usa-pentagon-cyber/pentagon-investigating-cyber-breach-of-some-travel-records-idUSKCN1MM2ML,1,1539464367.0,
"FCC tells court it has no “legal authority” to impose net neutrality rules - FCC defends repeal in court, claims broadband isn't ""telecommunications.""",2518,https://arstechnica.com/tech-policy/2018/10/ajit-pais-fcc-tells-court-that-net-neutrality-rules-were-illegal/,172,1539464269.0,
The Latest: Trump says Saudis deny kingdom killed writer,0,https://www.washingtontimes.com/news/2018/oct/13/the-latest-newspaper-turkey-has-audio-of-writers-k/?utm_source=RSS_Feed&utm_medium=RSS,14,1539464188.0,
Top climate scientist blasts UK’s fracking plans ‘as aping Trump’,234,https://www.theguardian.com/environment/2018/oct/13/top-climate-scientist-james-hansen-attacks-uk-fracking-plans,7,1539464035.0,
Harris accuses GOP of ‘weaponizing’ 2020 Census,4339,https://thehill.com/homenews/senate/411249-harris-accuses-gop-of-weaponizing-census,278,1539463925.0,
Never Trust the Cato Institute,1411,https://www.currentaffairs.org/2018/10/never-trust-the-cato-institute,229,1539463565.0,
'Wake Up': Climate Campaigners Tell World Leaders Liberation From Fossil Fuel Industry's Grip Only Solution,632,https://www.commondreams.org/news/2018/10/11/wake-climate-campaigners-tell-world-leaders-liberation-fossil-fuels-grip-only,20,1539463537.0,
Trump: More At Stake Over Jamal Khashoggi Disappearance Because He’s A Reporter,30,https://www.huffingtonpost.com/entry/donald-trump-60-minutes-khashoggi_us_5bc1dc67e4b0bd9ed55a86d3,9,1539463478.0,
Four women in ‘voter fraud ring’ arrested. They targeted seniors on city’s north side,0,https://www.star-telegram.com/news/local/community/fort-worth/article219920740.html,6,1539463475.0,
Trump’s business ties to kingdom run long and deep - The Washington Post,3079,https://www.washingtonpost.com/business/trumps-business-ties-to-kingdom-run-long-and-deep/2018/10/13/f2120b3a-ced4-11e8-ad0a-0e01efba3cc1_story.html,38,1539463342.0,
Trump says Saudi Arabia faces 'severe punishment' if Khashoggi was killed,124,https://www.reuters.com/article/us-saudi-politics-dissident-trump/trump-says-saudi-arabia-faces-severe-punishment-if-khashoggi-was-killed-idUSKCN1MN0HJ,55,1539463274.0,
"Trump: ""There will be severe punishment"" in Khashoggi case",15,https://www.axios.com/trump-says-a-lot-at-stake-with-khashoggi-60-minutes-51c49528-68fc-4096-ae64-5cd04f8bd11d.html,17,1539463097.0,
Literal Skeletons In Kyrsten Sinema’s Closet Come Back To Haunt Her As Senate Race Tightens Up,0,https://dailycaller.com/2018/10/12/kyrsten-sinema-skeltons-arizona/,30,1539462949.0,
"4 arrested in voting fraud scheme that targeted Fort Worth seniors, officials say",23,https://www.dallasnews.com/news/crime/2018/10/12/4-arrested-voting-fraud-scheme-targeted-fort-worth-seniors-officials-say,24,1539462896.0,
Biden says Trump is ‘trashing American values’ and undermining institutions to ‘amass power’,7338,https://www.independent.co.uk/news/world/americas/joe-biden-trump-comments-trashing-american-value-midterm-elections-kentucky-a8582386.html,564,1539462822.0,
Now for Rent: Email Addresses and Phone Numbers for Millions of Trump Supporters,2053,https://www.nytimes.com/2018/10/13/us/politics/trump-political-data.html,157,1539462729.0,
"To Curb Climate Change, Tax Carbon-Then Give Americans The Money",68,https://www.wired.com/story/to-curb-climate-change-tax-carbonthen-give-americans-the-money/,11,1539462691.0,
Trump warns of 'severe punishment' if Saudis found responsible for journalist's death,14,https://www.independent.co.uk/news/world/americas/trump-jamal-khashoggi-missing-jornalist-death-saudi-severe-punishment-turkey-embassy-a8582486.html,24,1539462598.0,
Donald Trump says Ivanka 'would be incredible' as new UN ambassador,0,https://www.independent.co.uk/news/world/americas/us-politics/trump-ivanka-un-ambassador-haley-latest-nepotism-incredible-us-a8580996.html,22,1539462518.0,
There's Been a George Soros for Every Era of Anti-Semitic Panic,13434,https://www.thedailybeast.com/theres-been-a-george-soros-for-every-era-of-antisemitic-panic?ref=home,1830,1539462383.0,
There's a Lot of Talk About 'Mobs' These Days. Let Me Refer You to the Constitutional Convention.,175,https://www.esquire.com/news-politics/politics/a23747609/republicans-mob-brett-kavanaugh-constitutional-convention/,7,1539462367.0,
"Cannabis could disrupt a $500 billion market, says CEO of top marijuana maker after deal with DEA",39,https://www.cnbc.com/2018/10/12/canopy-growth-ceo-cannabis-could-disrupt-a-500-billion-market.html,8,1539461902.0,
First lady says 'I really don't care' jacket was meant to troll press,0,https://thehill.com/homenews/administration/411247-melania-trump-responds-to-jacket-controversy-it-was-kind-of-a-message,93,1539461884.0,
This conservative supreme court could care less about human rights | Lawrence Douglas | Opinion,195,https://www.theguardian.com/commentisfree/2018/oct/12/conservative-supreme-court-human-rights,15,1539461759.0,
US National Guard chief: “The climate is changing. I don’t know why.”,7327,https://www.vox.com/2018/10/12/17969730/hurricane-michael-florida-panhandle-mexico-beach,773,1539460974.0,
Trump praises Confederate Gen. Robert E. Lee at Ohio rally,2315,https://www.stripes.com/news/us/trump-praises-confederate-gen-robert-e-lee-at-ohio-rally-1.551708,320,1539460536.0,
Louisiana Sen. Cassidy confronts anti-Kavanaugh protesters: 'I know your parents are using you as tools',0,https://www.foxnews.com/politics/louisiana-sen-cassidy-confronts-anti-kavanaugh-protesters-i-know-your-parents-are-using-you-as-tools,31,1539460270.0,
The Return of American Socialism,388,http://prospect.org/article/return-american-socialism-0,127,1539459898.0,
"Even in the wealthy Texas suburbs, the GOP is struggling to sell its tax cut",4455,https://www.mcclatchydc.com/news/politics-government/election/midterms/article219843995.html,436,1539459383.0,
New details emerge on anti-Trump dossier as House GOP seeks Fusion GPS boss testimony,0,https://www.foxnews.com/politics/new-details-emerge-on-anti-trump-dossier-as-house-gop-seeks-fusion-gps-boss-testimony,18,1539459263.0,
"Trump at Ohio rally calls Kanye ‘amazing,’ predicts Republicans will win over black voters",0,https://www.foxnews.com/politics/trump-at-ohio-rally-calls-kanye-amazing-predicts-republicans-will-win-over-black-voters,24,1539458549.0,
South Carolina swarmed by potential Democratic candidates,11,https://apnews.com/2cf1415db04c41ca8594ed52da70c8ad,10,1539458289.0,
Kentucky governor accuses Canada of using tariffs as a 'money grab',0,https://www.cbc.ca/news/politics/kentucky-tariffs-canada-trump-usmca-1.4861554,14,1539458218.0,
Key Democrat will ask for Trump tax returns if House flips,975,https://thehill.com/policy/finance/411245-key-democrat-will-ask-for-trump-tax-returns-if-house-flips,57,1539457852.0,
Vandals tag GOP Manhattan office ahead of Proud Boy Gavin McInnes' visit; puts party 'on notice' in warning note,0,http://www.nydailynews.com/news/politics/ny-pol-manhattan-republican-club-vandalized-20181012-story.html,48,1539457512.0,
Venezuela's Maduro says Trump administration wants to have him killed,18,https://uk.reuters.com/article/uk-venezuela-politics-usa/venezuelas-maduro-says-trump-administration-wants-to-have-him-killed-idUKKCN1MM032,3,1539454922.0,
Joe Biden Sums Up Method To Donald Trump’s ‘Madness’ Of ‘Trashing American Values’,135,https://www.huffingtonpost.com/entry/joe-biden-donald-trump-trashing-american-values_us_5bc1b6cee4b0bd9ed55a744c,8,1539454559.0,
Florida politics play into disaster relief debate,6,https://thehill.com/homenews/senate/411154-florida-politics-play-into-disaster-relief-debate,8,1539453833.0,
A New Study Shows White Families Getting Four-Fifths of Trump’s Tax Cut,85,https://www.motherjones.com/politics/2018/10/trump-tax-cuts-race-racial-impact-disparity/,11,1539453780.0,
O’Rourke faces pivotal point in Texas battle with Cruz,0,https://thehill.com/homenews/campaign/411224-orourke-faces-critical-moment-after-record-haul,14,1539453696.0,
Rory Kennedy warns Trump to focus on NASA’s findings on climate change ‘before it’s too late’,0,https://www.foxnews.com/entertainment/rory-kennedy-warns-trump-to-focus-on-nasas-findings-on-climate-change-before-its-too-late,3,1539453099.0,
Dave Chappelle regrets saying Trump deserves a chance,6780,http://www.nydailynews.com/news/national/ny-news-dave-chappelle-donald-trump-20181012-story.html,769,1539451331.0,
"Post-Kanye, Trump says 'we're going to get the African-American vote'",0,https://www.yahoo.com/news/post-kanye-trump-says-going-get-african-american-vote-010416414.html,34,1539450434.0,
Turkey obtains recordings of Saudi journalist's purported killing: paper,66,https://www.reuters.com/article/us-saudi-politics-dissident/turkey-obtains-recordings-of-saudi-journalists-purported-killing-paper-idUSKCN1MN08G?feedType=RSS&feedName=topNews&utm_source=feedburner&utm_medium=feed&utm_campaign=Feed%3A+reuters%2FtopNews+%28News+%2F+US+%2F+Top+News%29,10,1539450319.0,
Larry Kudlow suggests some CEOs may be using China tariffs as an excuse for poor performance,0,https://www.cnbc.com/2018/10/12/larry-kudlow-some-ceos-may-be-using-china-tariffs-as-an-excuse.html,5,1539450130.0,
Trump Asking For Donations To His Re-Election Campaign To Help Build His Wall,2,https://www.huffingtonpost.com/entry/trump-fundraising-border-wall_us_5bc0f309e4b01a01d68a941a,9,1539449689.0,
Melania Trump Reveals Why She Wore ‘I Really Don’t Care’ Jacket,0,https://www.huffingtonpost.com/entry/melania-trump-reason-i-really-dont-care-jacket_us_5bc17237e4b01a01d68aeb65,36,1539449655.0,
A Leftist Mob ‘Polices’ Portland,0,https://www.wsj.com/articles/a-leftist-mob-polices-portland-1539298766?mod=e2tw,47,1539448098.0,
Democrats ask if U.S. intelligence was aware of plot against Saudi journalist,0,https://www.washingtontimes.com/news/2018/oct/12/democrats-ask-if-us-intelligence-was-aware-plot-ag/,4,1539447787.0,
Did Trump Tweet That the President Should Be Shot Out of a Cannon If the Stock Market Tanked?,166,https://www.snopes.com/fact-check/trump-dow-jones-tweet/,74,1539447551.0,
"Texans approve a new Constitution, Oct. 13, 1845",0,https://www.politico.com/story/2018/10/13/this-day-in-politics-oct-13-1845-888902,2,1539447183.0,
The deadly peril of not enforcing gun laws,22,http://www.chicagotribune.com/news/opinion/editorials/ct-edit-paul-bauer-gun-laws-20181012-story.html,3,1539446721.0,
Omarosa Manigault admits that her startling remarks about Trump's enemies 'was stupid',0,https://www.businessinsider.com.au/omarosa-manigault-regrets-bow-down-trump-bill-maher-interview-2018-10?r=US&IR=T,6,1539445783.0,
"White House confirms climate change, does nothing",198,https://www.floridatoday.com/story/opinion/2018/10/12/white-house-confirms-climate-change-does-nothing/1613389002/,25,1539444978.0,
Senator Bernie Sanders Remarks at Johns Hopkins University,37,https://www.c-span.org/video/?452728-1/senator-bernie-sanders-speaks-challenges-facing-western-democracy,19,1539443981.0,
Michael Cohen Re-Registers as Democrat,0,https://www.foxnews.com/politics/michael-cohen-re-registers-as-democrat-attorney-says,16,1539443183.0,
Having problems voting in Georgia? Let us know,1803,https://politics.myajc.com/news/state--regional-govt--politics/having-problems-voting-georgia-let-know/nbQ5s6vdt3lIN2F0a80UTI/,27,1539442309.0,
Feinstein And Harris: WH Didn’t Consult Us On 3 California Judicial Nominees,619,https://talkingpointsmemo.com/news/feinstein-harris-no-white-house-consultation-california-judicial-nominees,35,1539442216.0,
Trump Says He’ll Speak With Saudi King Salman Soon About Missing WaPo Writer,34,https://talkingpointsmemo.com/news/trump-missing-saudi-journalist-king-salman,43,1539442044.0,
Hackers breach US defense department travel records,125,https://www.dw.com/en/hackers-breach-us-defense-department-travel-records/a-45871523,7,1539441998.0,
Trump says Andrew Brunson 'will be home soon' as US pastor freed from Turkey prison after two years,0,https://www.independent.co.uk/news/world/americas/us-politics/andrew-bruson-us-pastor-trump-twitter-turkey-prison-release-recep-tayyip-a8581331.html,5,1539441897.0,
Texas midterms: Betor O'Rourke breaks US fundraising record in senate race against Ted Cruz,120,https://www.independent.co.uk/news/world/americas/us-politics/beto-orourke-ted-cruz-texas-senate-race-fundraising-donations-2018-midterms-elections-a8581426.html,21,1539441782.0,
Bipartisan Hill anger with Saudis flares after Khashoggi,38,https://www.politico.com/story/2018/10/12/khashoggi-gop-trump-saudis-897961,7,1539441424.0,
Donald Trump calls Confederate leader Robert E. Lee a ‘great general’,9,https://globalnews.ca/news/4545346/donald-trump-praises-robert-e-lee/,17,1539441221.0,
'He'll be re-elected': Trump and allies tout the sweet smell of 2020 success,0,https://www.theguardian.com/us-news/2018/oct/12/donald-trump-2020-re-election-economy-courts-trade,49,1539440578.0,
"Thousands line up for zero-down-payment, subprime mortgages.",160,https://www.cnbc.com/2018/10/12/thousands-line-up-for-zero-down-payment-subprime-mortgages.html,67,1539440551.0,
Mnuchin Says He's Not Worried China Would Unload Treasuries,8,https://www.bloomberg.com/amp/news/articles/2018-10-13/mnuchin-says-he-s-not-worried-china-would-unload-treasuries,6,1539440257.0,
Our mid-terms forecast for the House of Representatives,11,https://www.economist.com/united-states/2018/10/13/our-mid-terms-forecast-for-the-house-of-representatives?fsrc=scn/fb/te/bl/ed/ourmidtermsforecastforthehouseofrepresentativemodelvoters,6,1539439883.0,
Trump promises to call Saudi king about missing Khashoggi,0,http://www.wsfa.com/2018/10/13/trump-promises-call-saudi-king-about-missing-khashoggi/,6,1539439324.0,
Melania Trump parts company with husband's agenda in ABC interview | US news,0,https://www.theguardian.com/us-news/2018/oct/13/melania-trump-parts-company-with-presidents-agenda-in-abc-interview,21,1539439304.0,
Dave Chappelle says Trump is 'speaking to a very small choir' in diverse America,178,https://edition.cnn.com/2018/10/12/politics/dave-chappelle-van-jones-trump-cnntv/index.html,15,1539438925.0,
Donald Trump Jr. Peddles Tweet Linking Jamal Khashoggi To ‘Jihadists’,389,https://www.huffingtonpost.com/entry/donald-trump-jr-jamal-khashoggi-tweet_us_5bc14ddce4b0bd9ed55a59db,59,1539437975.0,
"After Ruining Mayonnaise, Can Millennials Save America?",0,https://www.nytimes.com/2018/10/12/opinion/egan-millennials-boomers-trump.html,38,1539437905.0,
'I love him so much I can hardly explain it': Evangelical leaders praise Trump after pastor's release,0,https://www.politico.com/story/2018/10/12/brunson-evangelical-leaders-trump-898396,12,1539437902.0,
Column: Democrats shame Kanye West to protect themselves,0,http://www.chicagotribune.com/news/columnists/kass/ct-met-kanye-west-kass-20181012-story.html,48,1539437783.0,
Jamal Khashoggi: Saudi Arabia calls murder claims 'lies',11,https://www.bbc.com/news/world-middle-east-45847920,7,1539437643.0,
U.S. Warns China on Weakening Currency as Trade Relations Worsen,11,https://www.nytimes.com/2018/10/12/us/politics/china-currency-manipulation-trump-tariffs.html?rref=collection%2Fsectioncollection%2Fpolitics&action=click&contentCollection=politics&region=stream&module=stream_unit&version=latest&contentPlacement=5&pgtype=sectionfront,1,1539437600.0,
"Trump gives Civil War history at Ohio rally, describing Lee, Grant as ‘great’ generals",0,https://eu.usatoday.com/story/news/politics/2018/10/12/donald-trump-talks-civil-war-ulysses-grant-robert-lee-ohio-rally/1619764002/,24,1539437160.0,
"Jamal Khashoggi's disappearance is an 'embarrassing' 'crisis' for Trump and 'one of the roughest foreign-policy challenges' he's faced yet, experts say",64,https://www.businessinsider.com.au/jamal-khashoggi-disappearance-a-crisis-for-trump-saudi-arabia-experts-say-2018-10,7,1539436878.0,
Don Lemon: Our politics are at peak crazy,79,https://m.youtube.com/watch?v=W6wy4r4DSGc&t=8s,13,1539436740.0,
We need to talk about Jared Kushner's accomplishments (or almost complete lack thereof),63,https://www.washingtonexaminer.com/opinion/columnists/we-need-to-talk-about-jared-kushners-accomplishments-or-almost-complete-lack-thereof,10,1539436646.0,
What it means if Saudi Arabia murdered a journalist in Turkey,129,https://www.economist.com/leaders/2018/10/13/what-it-means-if-saudi-arabia-murdered-a-journalist-in-turkey,11,1539436226.0,
Kemp record shows poor stewardship of Georgia's election system,298,http://www.msnbc.com/rachel-maddow/watch/kemp-record-shows-poor-stewardship-of-georgia-s-election-system-1343345731870?v=raila&,8,1539436011.0,
"At Ohio Rally, Trump Delivers Trademark Mix of Exaggerations and Vague Assertions",73,https://www.nytimes.com/2018/10/12/us/politics/trump-ohio-rally.html?rref=collection%2Fsectioncollection%2Fpolitics&action=click&contentCollection=politics&region=stream&module=stream_unit&version=latest&contentPlacement=1&pgtype=sectionfront,14,1539434803.0,
"In Georgia governor’s race, the middle is up in the air",9,https://www.myajc.com/news/state--regional-govt--politics/georgia-governor-race-the-middle-the-air/9xKc7b7aEy7A934U3cUGHL/,8,1539433999.0,
"U.S. to Reinforce Economic Pressure on Venezuela, Mnuchin Says",0,https://www.bloomberg.com/news/articles/2018-10-12/u-s-to-reinforce-economic-pressure-on-venezuela-mnuchin-says,4,1539433905.0,
"Melania Trump Spends an Hourlong TV Interview Revealing Nothing, and Chastising the Media for Asking",460,https://www.vanityfair.com/style/2018/10/melania-trump-abc-interview-africa-be-best-media-fashion,64,1539433718.0,
Pitts: Liberals are the majority — but impotent as GOP cements minority rule,86,https://www.mercurynews.com/2018/10/11/pitts-liberals-are-the-majority-but-impotent-as-gop-cements-minority-rule/,13,1539433589.0,
Jeremy Kuzmarov: Bring American troops home from Africa,16,https://www.tulsaworld.com/opinion/opinionfeatured/jeremy-kuzmarov-bring-american-troops-home-from-africa/article_d4b6812d-5514-5318-9eed-449bd7ce7c45.html,5,1539432720.0,
Rap Sheet: ***594** Acts of Media-Approved Violence and Harassment Against Trump Supporters | Breitbart,0,https://www.breitbart.com/big-journalism/2018/07/05/rap-sheet-acts-of-media-approved-violence-and-harassment-against-trump-supporters/,58,1539432454.0,
Four Women Indicted in North Texas Voter Fraud Ring,12,https://www.nbcdfw.com/news/local/4-Indicted-in-North-Texas-Voter-Fraud-Scheme-497239441.html,79,1539432039.0,
Biden: Trump is 'trashing American values',288,https://thehill.com/homenews/campaign/411244-biden-trump-is-trashing-american-values,14,1539432022.0,
